id,type,medleydb_id,license,genre,instrument,audio_path,key,tempo,CE,CU,PC,PQ
e78ef6dc-87f8-40db-90a1-6bb4e4e226c1,all_instrument,AClassicEducation_NightOwl,cc-by-nc-sa,['singer/songwriter'],"['drum set' 'clean electric guitar' 'electric bass' 'tambourine'
 'synthesizer' 'fx/processed sound' 'distorted electric guitar']",e78ef6dc-87f8-40db-90a1-6bb4e4e226c1.wav,['F major'],['78bpm' 'Peaceful'],7.382165908813477,7.386154651641846,6.253183364868164,7.372977256774902
ffbc0530-c42a-4cd9-a50b-437997089783,all_instrument,AimeeNorwich_Child,cc-by-nc-sa,['singer/songwriter'],"['acoustic guitar' 'drum set' 'clean electric guitar' 'electric bass'
 'piano']",ffbc0530-c42a-4cd9-a50b-437997089783.wav,['B major'],['143bpm' 'Brisk and Lively'],7.3616132736206055,7.998048305511475,5.406497001647949,7.640444278717041
795d243f-3297-4d1f-971a-a4ac73f52e67,all_instrument,AimeeNorwich_Flying,cc-by-nc-sa,['world/folk'],"['cello' 'drum set' 'clean electric guitar' 'clarinet' 'trombone'
 'electric bass' 'piano' 'fx/processed sound']",795d243f-3297-4d1f-971a-a4ac73f52e67.wav,['E minor'],['105bpm' 'Medium'],6.878868579864502,7.826748847961426,4.892828464508057,7.299783706665039
ff4f87d5-091e-47c5-a9bf-ed9fe7a6bc60,all_instrument,AlexanderRoss_GoodbyeBolero,cc-by-nc-sa,['singer/songwriter'],"['acoustic guitar' 'drum set' 'clean electric guitar' 'harmonica'
 'brass section' 'electric bass' 'viola section']",ff4f87d5-091e-47c5-a9bf-ed9fe7a6bc60.wav,['G major'],['82bpm' 'Moderately slow'],7.572517395019531,7.759425640106201,5.743826866149902,7.730533599853516
307effca-e943-47e7-be05-4454bc44e784,all_instrument,AlexanderRoss_VelvetCurtain,cc-by-nc-sa,['singer/songwriter'],"['acoustic guitar' 'drum set' 'clean electric guitar' 'brass section'
 'string section' 'electric bass']",307effca-e943-47e7-be05-4454bc44e784.wav,['G major'],['83bpm' 'Natural'],7.7059502601623535,7.956759452819824,5.273547649383545,7.94986629486084
ab30e447-029e-4084-99a6-70fb26227e04,all_instrument,Allegria_MendelssohnMovement1,cc-by-nc-sa,['classical'],['cello' 'violin' 'main system' 'viola'],ab30e447-029e-4084-99a6-70fb26227e04.wav,['E minor'],['71bpm' 'Leisurely'],7.516462802886963,7.755249977111816,5.454488277435303,7.607884883880615
700839ef-2971-4f6d-a1f6-651939dccb7d,all_instrument,AmadeusRedux_MozartAllegro,cc-by-nc-sa,['classical'],['cello' 'violin' 'main system' 'viola'],700839ef-2971-4f6d-a1f6-651939dccb7d.wav,['G major'],['129bpm' 'Energetic'],7.9000325202941895,7.79680871963501,4.817220211029053,7.64124870300293
320ddf23-b0e8-4196-bada-98bab771b139,all_instrument,AmadeusRedux_SchubertMovement2,cc-by-nc-sa,['classical'],['cello' 'violin' 'main system' 'viola'],320ddf23-b0e8-4196-bada-98bab771b139.wav,['F major'],['82bpm' 'Natural'],7.820349216461182,7.727613925933838,4.79502010345459,7.158187389373779
55339ae4-cbf9-48f1-a520-9500492bec7a,all_instrument,AmadeusRedux_SchubertMovement3,cc-by-nc-sa,['classical'],['cello' 'violin' 'main system' 'viola'],55339ae4-cbf9-48f1-a520-9500492bec7a.wav,['Bb major'],['134bpm' 'Dynamic'],7.598087310791016,7.7289228439331055,4.723455905914307,7.392701148986816
da32a44f-0d57-4b59-b7e0-9e3a8c6caec1,all_instrument,AmarLal_Rest,cc-by-nc-sa,['singer/songwriter'],['clean electric guitar' 'fx/processed sound'],da32a44f-0d57-4b59-b7e0-9e3a8c6caec1.wav,['B minor'],['90bpm' 'Comfortable'],6.938516616821289,7.6613993644714355,2.080253839492798,7.864968776702881
5d2bb28c-223b-4c81-b4ce-ebc10ddb54bc,all_instrument,Auctioneer_OurFutureFaces,cc-by-nc-sa,['singer/songwriter'],"['drum set' 'clean electric guitar' 'banjo' 'auxiliary percussion'
 'horn section' 'electric bass' 'vibraphone' 'piano']",5d2bb28c-223b-4c81-b4ce-ebc10ddb54bc.wav,['G major'],['83bpm' 'Comfortable'],7.791132926940918,7.957844257354736,5.776140213012695,7.817255973815918
65424889-b8e2-4207-baf8-44e1eca627a4,all_instrument,AvaLuna_Waterduct,cc-by-nc-sa,['rock'],"['drum set' 'electric bass' 'vibraphone' 'synthesizer'
 'fx/processed sound' 'distorted electric guitar']",65424889-b8e2-4207-baf8-44e1eca627a4.wav,['A major'],['115bpm' 'Regular'],7.044580936431885,7.66818380355835,5.937633514404297,7.086666107177734
9ee0faea-9354-4518-9633-c567b284b15e,all_instrument,BarefootSisters_RedJetta,cc-by-nc-sa,['singer/songwriter'],['acoustic guitar' 'drum set' 'piano'],9ee0faea-9354-4518-9633-c567b284b15e.wav,['D major'],['70bpm' 'Calm'],7.814016819000244,8.052450180053711,4.797725677490234,7.591122627258301
ad23841f-8615-41bf-b2eb-1a932d490aed,all_instrument,BigTroubles_Phantom,cc-by-nc-sa,['rock'],['electric bass' 'drum set' 'distorted electric guitar'],ad23841f-8615-41bf-b2eb-1a932d490aed.wav,['A major'],['122bpm' 'Dynamic'],6.692088603973389,7.172606945037842,6.539318084716797,6.919990539550781
8ab8119e-d5a6-46a0-96ca-b92e704b65eb,all_instrument,CassandraJenkins_PerfectDay,cc-by-nc-sa,['pop'],"['acoustic guitar' 'drum set' 'string section' 'horn section'
 'electric bass' 'piano' 'synthesizer']",8ab8119e-d5a6-46a0-96ca-b92e704b65eb.wav,['G major'],['174bpm' 'Rapid'],7.847844123840332,8.129393577575684,5.038731575012207,8.087238311767578
8dacb11f-b3a9-4d75-b556-ffd8260d45f1,all_instrument,MusicDelta_Punk,cc-by-nc-sa,['rock'],['electric bass' 'drum set' 'distorted electric guitar'],8dacb11f-b3a9-4d75-b556-ffd8260d45f1.wav,['G major'],['150bpm' 'Brisk and Lively'],6.57904577255249,7.301851272583008,6.427923679351807,6.999161720275879
b61a386b-72cd-4880-b694-235d6a9509e9,all_instrument,MusicDelta_Reggae,cc-by-nc-sa,['rock'],['electric bass' 'drum set' 'clean electric guitar'],b61a386b-72cd-4880-b694-235d6a9509e9.wav,['G major'],['110bpm' 'Moderate'],7.456092834472656,7.852199077606201,5.495508193969727,7.021488189697266
e5a39928-d6ee-4bae-bacf-f6bcccb9a23b,all_instrument,MusicDelta_Rock,cc-by-nc-sa,['rock'],['electric bass' 'drum set' 'clean electric guitar'],e5a39928-d6ee-4bae-bacf-f6bcccb9a23b.wav,['E minor'],['110bpm' 'Standard'],7.769035816192627,8.21950912475586,6.137945175170898,7.944344520568848
55c77f01-cf36-4559-817a-d6649c249bb1,all_instrument,MusicDelta_Rockabilly,cc-by-nc-sa,['rock'],"['electric bass' 'drum set' 'clean electric guitar'
 'distorted electric guitar']",55c77f01-cf36-4559-817a-d6649c249bb1.wav,['G major'],['110bpm' 'Medium'],7.618220806121826,8.176192283630371,5.557412147521973,7.630364894866943
dfc4e80e-6277-49a0-a7c4-97805f05e324,all_instrument,MusicDelta_Shadows,cc-by-nc-sa,['rock'],['electric bass' 'drum set' 'clean electric guitar'],dfc4e80e-6277-49a0-a7c4-97805f05e324.wav,['G minor'],['110bpm' 'Medium'],7.415987491607666,7.487891674041748,5.857753753662109,7.315005779266357
b927c74a-6a75-42e7-93fb-9a8ccb420bc1,all_instrument,MusicDelta_SpeedMetal,cc-by-nc-sa,['rock'],['electric bass' 'drum set' 'distorted electric guitar'],b927c74a-6a75-42e7-93fb-9a8ccb420bc1.wav,['G minor'],['110bpm' 'Medium'],6.9975104331970215,7.651129722595215,6.291965961456299,7.1456451416015625
896da6d3-0545-4e11-9f39-243264f8bea1,all_instrument,MusicDelta_SwingJazz,cc-by-nc-sa,['jazz'],['drum set' 'piano' 'double bass' 'clarinet'],896da6d3-0545-4e11-9f39-243264f8bea1.wav,['G major'],['110bpm' 'Regular'],8.127227783203125,8.22991943359375,5.556448936462402,8.085497856140137
76bba433-2c96-4dde-8c61-253c374fad5a,all_instrument,MusicDelta_Vivaldi,cc-by-nc-sa,['classical'],['cello' 'violin section' 'double bass' 'viola section'],76bba433-2c96-4dde-8c61-253c374fad5a.wav,['G major'],['110bpm' 'Standard'],7.859925270080566,8.296455383300781,5.2464704513549805,8.036479949951172
6d8cbc2a-5340-4e72-94e6-b590519eae30,all_instrument,MusicDelta_Zeppelin,cc-by-nc-sa,['rock'],['electric bass' 'drum set' 'distorted electric guitar'],6d8cbc2a-5340-4e72-94e6-b590519eae30.wav,['G major'],['54bpm' 'Very Slow'],6.513786792755127,5.748568058013916,6.131646156311035,5.362220287322998
4b796025-4c38-470e-ac7b-0a3ab44f5b1f,all_instrument,MutualBenefit_NotForNothing,cc-by-nc-sa,['singer/songwriter'],"['violin' 'drum set' 'acoustic guitar' 'electric bass' 'violin section'
 'piano']",4b796025-4c38-470e-ac7b-0a3ab44f5b1f.wav,['C major'],['124bpm' 'Energetic'],7.669029235839844,8.075913429260254,5.446249961853027,7.879971981048584
c2c318fd-01cb-44d9-8d44-aea04f6a85e0,all_instrument,NightPanther_Fire,cc-by-nc-sa,['pop'],"['drum set' 'brass section' 'string section' 'drum machine'
 'auxiliary percussion' 'electric bass' 'synthesizer']",c2c318fd-01cb-44d9-8d44-aea04f6a85e0.wav,['F# major'],['92bpm' 'Moderately slow'],6.906700611114502,8.100229263305664,5.393133163452148,7.938464164733887
532914fc-dc95-4a6c-8349-c54e1f4a7906,all_instrument,PatternIsMovement_SaveMe,cc-by-nc-sa,['electronic/fusion'],['drum set' 'electronic organ'],532914fc-dc95-4a6c-8349-c54e1f4a7906.wav,['F# major'],['80bpm' 'Comfortable'],4.548696517944336,6.528623580932617,2.284813404083252,6.421037673950195
5c8de2ac-e8d4-4a2a-a555-33d3b04ab597,all_instrument,PeterMatthewBauer_YouAlwaysLookForSomeoneLost,cc-by-nc-sa,['singer/songwriter'],"['acoustic guitar' 'drum set' 'auxiliary percussion' 'electric bass'
 'piano']",5c8de2ac-e8d4-4a2a-a555-33d3b04ab597.wav,['C major'],['106bpm' 'Moderate'],7.28056001663208,7.5358757972717285,5.439080715179443,7.646196365356445
3516baa0-5996-4bcd-b794-8397c259d5bc,all_instrument,Phoenix_BrokenPledgeChicagoReel,cc-by-nc-sa,['world/folk'],['violin' 'flute' 'acoustic guitar'],3516baa0-5996-4bcd-b794-8397c259d5bc.wav,['G major'],['109bpm' 'Moderate'],8.02780818939209,8.08443546295166,5.503134250640869,7.621161460876465
fda6b5e5-2e3b-4f39-a765-1e3f4f6f0747,all_instrument,Phoenix_ColliersDaughter,cc-by-nc-sa,['world/folk'],['violin' 'acoustic guitar' 'electric bass' 'flute' 'main system'],fda6b5e5-2e3b-4f39-a765-1e3f4f6f0747.wav,['F major'],['107bpm' 'Standard'],7.836790561676025,7.851797103881836,5.402339935302734,7.585226535797119
6dea6f4b-aba1-4812-9c10-f79685dd3a8a,all_instrument,Phoenix_ElzicsFarewell,cc-by-nc-sa,['world/folk'],['violin' 'acoustic guitar' 'mandolin' 'main system'],6dea6f4b-aba1-4812-9c10-f79685dd3a8a.wav,['A minor'],['114bpm' 'Medium'],7.12541389465332,7.68231725692749,5.258610248565674,7.255277156829834
d1ab8ef3-bee9-4504-8466-71859a406851,all_instrument,Phoenix_LarkOnTheStrandDrummondCastle,cc-by-nc-sa,['world/folk'],['violin' 'flute' 'acoustic guitar' 'main system'],d1ab8ef3-bee9-4504-8466-71859a406851.wav,['G major'],['104bpm' 'Standard'],7.59623384475708,7.942464351654053,4.7544636726379395,7.490954399108887
c0cecc23-4572-465c-91de-16183a23547f,all_instrument,JoelHelander_ExcessiveResistancetoChange,cc-by-nc-sa,['classical'],"['violin' 'french horn' 'drum set' 'acoustic guitar' 'double bass'
 'clarinet' 'auxiliary percussion' 'horn section' 'violin section' 'piano'
 'bassoon' 'tack piano']",c0cecc23-4572-465c-91de-16183a23547f.wav,['A major'],['114bpm' 'Standard'],7.73021125793457,8.077396392822266,6.052224159240723,8.010406494140625
d3e879e0-0b00-4ee8-a267-3c2407535811,all_instrument,JoelHelander_IntheAtticBedroom,cc-by-nc-sa,['classical'],['violin' 'main system' 'cello' 'viola'],d3e879e0-0b00-4ee8-a267-3c2407535811.wav,['G major'],['85bpm' 'Walking Speed'],6.320608139038086,7.362738132476807,3.64469575881958,7.415094375610352
0fbf1536-60eb-4549-9673-cb8bedf4487c,all_instrument,Karachacha_Volamos,cc-by-nc-sa,['jazz'],"['acoustic guitar' 'drum set' 'kick drum' 'double bass'
 'auxiliary percussion' 'vibraphone']",0fbf1536-60eb-4549-9673-cb8bedf4487c.wav,['A minor'],['112bpm' 'Standard'],7.628535747528076,8.175565719604492,5.802072525024414,7.71856689453125
83623d98-fdec-4a9f-b6aa-5291373a3fb4,all_instrument,KarimDouaidy_Hopscotch,cc-by-nc-sa,['world/folk'],"['acoustic guitar' 'doumbek' 'oud' 'darbuka' 'auxiliary percussion'
 'electric bass' 'piano' 'claps']",83623d98-fdec-4a9f-b6aa-5291373a3fb4.wav,['C minor'],['119bpm' 'Regular'],7.375322341918945,7.929168224334717,5.539669513702393,7.68889045715332
da672ef5-9e5c-4abd-813e-f8bdc0b24c18,all_instrument,KarimDouaidy_Yatora,cc-by-nc-sa,['world/folk'],['acoustic guitar' 'oud' 'auxiliary percussion' 'electric bass' 'piano'],da672ef5-9e5c-4abd-813e-f8bdc0b24c18.wav,['B minor'],['95bpm' 'Moderately slow'],7.616715908050537,7.74403190612793,3.8567068576812744,7.793479919433594
dad82f7f-963c-4f1f-ad4e-e41c67cd3e22,all_instrument,Katzn_CharlieKnox,cc-by-nc-sa,['classical'],['violin' 'cello' 'clarinet' 'auxiliary percussion' 'piano' 'main system'],dad82f7f-963c-4f1f-ad4e-e41c67cd3e22.wav,['Bb major'],['120bpm' 'Brisk and Lively'],6.986781120300293,7.353082180023193,4.816707611083984,7.492130279541016
b69ef3ab-4134-4dc5-9183-53f5154a9aed,all_instrument,LewisAndClarke_TheSilverSea,cc-by-nc-sa,['pop'],"['acoustic guitar' 'drum set' 'cello' 'cymbal' 'string section'
 'electric bass' 'electric piano' 'synthesizer']",b69ef3ab-4134-4dc5-9183-53f5154a9aed.wav,['D major'],['138bpm' 'Energetic'],6.694973468780518,6.276942729949951,5.751826763153076,6.2597455978393555
100f5931-316e-4e7b-a362-cc63e0ff985c,all_instrument,LittleTybee_TheAlchemist,cc-by-nc-sa,['rock'],"['acoustic guitar' 'drum set' 'violin' 'clean electric guitar'
 'electric bass' 'electric piano' 'distorted electric guitar']",100f5931-316e-4e7b-a362-cc63e0ff985c.wav,['D major'],['95bpm' 'Moderately slow'],7.610764980316162,7.794546604156494,6.002051830291748,7.709460735321045
dcad6565-79de-442e-b08c-85f7e21c6b4a,all_instrument,Lushlife_ToynbeeSuite,cc-by-nc-sa,['rap'],"['trumpet section' 'drum set' 'clean electric guitar' 'clarinet'
 'brass section' 'string section' 'drum machine' 'horn section'
 'electric bass' 'piano' 'claps' 'synthesizer' 'scratches'
 'fx/processed sound' 'glockenspiel']",dcad6565-79de-442e-b08c-85f7e21c6b4a.wav,['C major'],['79bpm' 'Calm'],6.920368194580078,7.206597805023193,5.600968360900879,7.160309791564941
e77e3528-5d6d-460e-89e8-9ff1e4739563,all_instrument,MatthewEntwistle_AnEveningWithOliver,cc-by-nc-sa,['classical'],"['cello' 'violin' 'bongo' 'double bass' 'french horn section' 'clarinet'
 'harp' 'violin section' 'flute' 'piano' 'viola' 'bassoon' 'oboe'
 'glockenspiel']",e77e3528-5d6d-460e-89e8-9ff1e4739563.wav,['D major'],['82bpm' 'Moderately slow'],6.501090049743652,7.452078819274902,4.621583938598633,7.4825968742370605
6f0c81ca-398e-489e-8759-2a567109e380,all_instrument,MatthewEntwistle_DontYouEver,cc-by-nc-sa,['jazz'],['drum set' 'double bass' 'brass section' 'violin section' 'piano'],6f0c81ca-398e-489e-8759-2a567109e380.wav,['G major'],['112bpm' 'Regular'],7.017645835876465,7.595268726348877,2.8876953125,7.251097202301025
cc9c7398-34bc-47cc-815e-081df650f0a3,all_instrument,MatthewEntwistle_FairerHopes,cc-by-nc-sa,['classical'],"['french horn' 'cymbal' 'double bass' 'harp' 'string section'
 'cello section' 'violin section' 'flute' 'piano' 'gong'
 'clarinet section' 'bass drum']",cc9c7398-34bc-47cc-815e-081df650f0a3.wav,['F# major'],['72bpm' 'Leisurely'],6.030609130859375,7.384914875030518,4.895110607147217,7.144375324249268
59cf97a3-b368-47cf-827a-e3658e7dc537,all_instrument,MatthewEntwistle_ImpressionsOfSaturn,cc-by-nc-sa,['classical'],['cello' 'violin' 'piano' 'viola' 'fx/processed sound'],59cf97a3-b368-47cf-827a-e3658e7dc537.wav,['E minor'],['91bpm' 'Comfortable'],6.186146259307861,6.807906627655029,4.820273399353027,6.9737772941589355
aae83dfb-bb31-418d-85e0-95c12158b52c,all_instrument,MatthewEntwistle_ReturnToVenezia,cc-by-nc-sa,['classical'],['piano' 'viola'],aae83dfb-bb31-418d-85e0-95c12158b52c.wav,['F# major'],['82bpm' 'Comfortable'],7.04421854019165,7.500229835510254,4.346863746643066,7.31155252456665
d5736496-b9bf-4ab4-9af9-4b0557fe0c46,all_instrument,MatthewEntwistle_TheArch,cc-by-nc-sa,['classical'],"['trumpet section' 'cymbal' 'french horn section' 'synthesizer' 'piccolo'
 'cello section' 'violin section' 'piano' 'viola section' 'flute section'
 'bamboo flute' 'gong' 'trombone section' 'fx/processed sound']",d5736496-b9bf-4ab4-9af9-4b0557fe0c46.wav,['A minor'],['140bpm' 'Energetic'],2.704651355743408,5.579158306121826,4.038270950317383,6.2383317947387695
5d81fa87-294c-4572-85aa-82c0e9c03eab,all_instrument,MatthewEntwistle_TheFlaxenField,cc-by-nc-sa,['classical'],['cello' 'piano' 'violin' 'clarinet'],5d81fa87-294c-4572-85aa-82c0e9c03eab.wav,['E major'],['104bpm' 'Moderate'],3.86080002784729,7.3988142013549805,2.343198299407959,7.3007731437683105
8794fe08-3fdb-48f0-b55e-2b7db031580b,all_instrument,Meaxic_TakeAStep,cc-by-nc-sa,['rock'],"['electric bass' 'drum set' 'clean electric guitar'
 'distorted electric guitar']",8794fe08-3fdb-48f0-b55e-2b7db031580b.wav,['C major'],['105bpm' 'Moderate'],6.934298992156982,7.460021018981934,6.022762775421143,7.600179195404053
b6de3084-7ca3-414b-806c-9d8a6cb5b0b0,all_instrument,Meaxic_YouListen,cc-by-nc-sa,['rock'],"['acoustic guitar' 'drum set' 'clean electric guitar' 'electric bass'
 'distorted electric guitar']",b6de3084-7ca3-414b-806c-9d8a6cb5b0b0.wav,['C minor'],['101bpm' 'Moderate'],6.934115886688232,7.4679999351501465,5.854310989379883,7.3874077796936035
c1c7ec79-4e31-43d9-8e6b-402fded521a7,all_instrument,SecretMountains_HighHorse,cc-by-nc-sa,['pop'],"['drum set' 'cymbal' 'clean electric guitar' 'electric bass' 'piano'
 'synthesizer' 'fx/processed sound']",c1c7ec79-4e31-43d9-8e6b-402fded521a7.wav,['A major'],['126bpm' 'Energetic'],7.275333404541016,7.725008964538574,5.818875312805176,7.661771297454834
9a4d14b9-c79b-4d0b-b858-847d360b8d81,all_instrument,SlowGhost_FirstSnow,cc-by-nc-sa,['jazz'],['electric bass' 'drum set' 'electric piano'],9a4d14b9-c79b-4d0b-b858-847d360b8d81.wav,['F major'],['142bpm' 'Energetic'],7.654354572296143,7.794287204742432,5.3536057472229,7.290345668792725
0267d505-8304-473d-bd99-4cd18883238f,all_instrument,SlowGhost_MidnightGroove,cc-by-nc-sa,['jazz'],['electric bass' 'drum set' 'electric piano'],0267d505-8304-473d-bd99-4cd18883238f.wav,['C minor'],['132bpm' 'Brisk and Lively'],7.370265960693359,7.684203624725342,5.242018699645996,7.034779071807861
684e56e6-a1bf-4395-b404-bfd6191a7c9d,all_instrument,SlowGhost_Peanut,cc-by-nc-sa,['jazz'],['electric bass' 'drum set' 'electric piano'],684e56e6-a1bf-4395-b404-bfd6191a7c9d.wav,['F# minor'],['112bpm' 'Moderate'],7.770936489105225,7.8659210205078125,5.321603775024414,7.2834014892578125
9aedc5eb-c9d6-4de9-83f1-bca32f6151d1,all_instrument,SlowGhost_YoureAMystery,cc-by-nc-sa,['jazz'],['electric bass' 'drum set' 'electric piano'],9aedc5eb-c9d6-4de9-83f1-bca32f6151d1.wav,['F minor'],['114bpm' 'Moderate'],7.850046634674072,8.079894065856934,5.644718647003174,7.680551052093506
28991e5b-ff5a-44cb-86c7-08eeb502d627,all_instrument,Snowmine_Curfews,cc-by-nc-sa,['pop'],"['drum set' 'clean electric guitar' 'sampler' 'auxiliary percussion'
 'electric bass' 'vibraphone' 'synthesizer' 'tack piano']",28991e5b-ff5a-44cb-86c7-08eeb502d627.wav,['A major'],['93bpm' 'Walking Speed'],5.560641288757324,6.172273635864258,6.048346519470215,5.494712829589844
1dfc4baf-3a27-48ba-bdbe-b1a6ec430fa2,all_instrument,StevenClark_Bounty,cc-by-nc-sa,['pop'],['drum set' 'clean electric guitar' 'electric bass' 'piano' 'synthesizer'],1dfc4baf-3a27-48ba-bdbe-b1a6ec430fa2.wav,['C# minor'],['94bpm' 'Natural'],6.167630195617676,6.828919887542725,5.001073360443115,6.602011203765869
67b13ebe-4f80-45c3-8b7d-326808390534,all_instrument,StrandOfOaks_Spacestation,cc-by-nc-sa,['pop'],"['drum set' 'auxiliary percussion' 'electric bass' 'piano' 'synthesizer'
 'tack piano']",67b13ebe-4f80-45c3-8b7d-326808390534.wav,['G major'],['85bpm' 'Moderately slow'],6.689964294433594,7.538827896118164,4.65723991394043,6.948904991149902
cfbc61f9-0cb8-47bc-b156-c948b0bb701d,all_instrument,Sweat_AlmostAlways,cc-by-nc-sa,['jazz'],"['drum set' 'clean electric guitar' 'synthesizer' 'tenor saxophone'
 'piano' 'main system']",cfbc61f9-0cb8-47bc-b156-c948b0bb701d.wav,['F minor'],['86bpm' 'Comfortable'],5.909898281097412,6.6788835525512695,5.328121185302734,6.629909515380859
9ab5c27e-bb58-48d0-b365-34f215e2d922,all_instrument,Sweat_Anecdoche,cc-by-nc-sa,['jazz'],['drum set' 'clean electric guitar' 'alto saxophone' 'piano' 'main system'],9ab5c27e-bb58-48d0-b365-34f215e2d922.wav,['F# minor'],['177bpm' 'Vibrantly Quick'],6.852896213531494,7.5333075523376465,6.48935079574585,7.02181339263916
257d887a-d31f-4b91-ace6-544c6ec0dd58,all_instrument,Sweat_Elegy,cc-by-nc-sa,['jazz'],"['drum set' 'clean electric guitar' 'tenor saxophone' 'piano'
 'main system']",257d887a-d31f-4b91-ace6-544c6ec0dd58.wav,['D minor'],['126bpm' 'Energetic'],6.140807151794434,6.605757713317871,5.608508586883545,6.712825298309326
05cea7bc-5266-4851-b515-47049b2e48e0,all_instrument,Sweat_Mesozoic,cc-by-nc-sa,['jazz'],"['drum set' 'clean electric guitar' 'synthesizer' 'tenor saxophone'
 'piano' 'main system']",05cea7bc-5266-4851-b515-47049b2e48e0.wav,['E minor'],['90bpm' 'Natural'],5.158003330230713,5.335917949676514,6.074939727783203,5.976302146911621
63f18657-c511-4b9e-bc5e-d03048646647,all_instrument,Sweat_Sn1572,cc-by-nc-sa,['jazz'],"['drum set' 'electric bass' 'electric piano' 'main system'
 'distorted electric guitar']",63f18657-c511-4b9e-bc5e-d03048646647.wav,['C major'],['107bpm' 'Moderate'],6.480098724365234,7.3798394203186035,6.191018581390381,6.664517402648926
fb7cf3b2-0906-45c2-9468-fdd984007563,all_instrument,Sweat_Tact,cc-by-nc-sa,['jazz'],"['drum set' 'clean electric guitar' 'tenor saxophone' 'piano'
 'main system']",fb7cf3b2-0906-45c2-9468-fdd984007563.wav,['D minor'],['82bpm' 'Moderately slow'],5.928066253662109,7.066752910614014,6.054418087005615,6.964192867279053
a6f550f3-e901-4ca5-9e93-b27bad5b00dc,all_instrument,SweetLights_YouLetMeDown,cc-by-nc-sa,['pop'],"['acoustic guitar' 'drum set' 'synthesizer' 'auxiliary percussion'
 'electric bass' 'piano' 'claps' 'tack piano' 'timpani']",a6f550f3-e901-4ca5-9e93-b27bad5b00dc.wav,['C major'],['106bpm' 'Moderate'],7.40565299987793,7.797158718109131,5.906076908111572,7.74904727935791
adab2bab-3719-43f3-aa32-bb54c86e00ea,all_instrument,TablaBreakbeatScience_Animoog,cc-by-nc-sa,['electronic/fusion'],"['drum machine' 'tabla' 'electric bass' 'fx/processed sound'
 'distorted electric guitar']",adab2bab-3719-43f3-aa32-bb54c86e00ea.wav,['F# major'],['119bpm' 'Standard'],5.576903343200684,6.976465225219727,5.159482955932617,7.34891414642334
0006d77f-b040-41c8-a37e-9400f04e655e,all_instrument,TablaBreakbeatScience_CaptainSky,cc-by-nc-sa,['electronic/fusion'],['electric bass' 'drum set' 'tabla'],0006d77f-b040-41c8-a37e-9400f04e655e.wav,['A minor'],['116bpm' 'Medium'],7.573302268981934,7.822065830230713,6.053238391876221,7.975089073181152
95a3afdf-6195-4bb8-84a3-f65c5aee5973,all_instrument,TablaBreakbeatScience_MiloVsMongo,cc-by-nc-sa,['electronic/fusion'],['drum set' 'mandolin' 'tabla' 'synthesizer' 'fx/processed sound'],95a3afdf-6195-4bb8-84a3-f65c5aee5973.wav,['D minor'],['120bpm' 'Upbeat'],5.094075679779053,6.294464111328125,6.276737213134766,5.936935901641846
578d186f-d400-4c1f-b229-2cc3f1e216a6,all_instrument,TablaBreakbeatScience_MoodyPlucks,cc-by-nc-sa,['electronic/fusion'],"['clean electric guitar' 'harp' 'drum machine' 'tabla' 'synthesizer'
 'fx/processed sound']",578d186f-d400-4c1f-b229-2cc3f1e216a6.wav,['A minor'],['99bpm' 'Moderately slow'],5.851874351501465,6.808361053466797,5.977485656738281,6.480530261993408
17ef0f5c-c038-4113-ade0-74b8be0b9566,all_instrument,TablaBreakbeatScience_PhaseTransition,cc-by-nc-sa,['electronic/fusion'],"['mandolin' 'drum machine' 'electric bass' 'tabla' 'synthesizer'
 'accordion' 'fx/processed sound']",17ef0f5c-c038-4113-ade0-74b8be0b9566.wav,['A minor'],['159bpm' 'Dynamic'],6.5048651695251465,6.233205795288086,6.025638580322266,6.386489391326904
74b43693-d141-4b8c-b1cc-05cd5b5523e5,all_instrument,TablaBreakbeatScience_RockSteady,cc-by-nc-sa,['electronic/fusion'],['accordion' 'mandolin' 'drum machine' 'tabla'],74b43693-d141-4b8c-b1cc-05cd5b5523e5.wav,['A minor'],['107bpm' 'Standard'],6.966315746307373,7.3555588722229,6.454934597015381,7.344970703125
c074d159-cd01-41a5-a02f-6122678db37b,all_instrument,TablaBreakbeatScience_Scorpio,cc-by-nc-sa,['electronic/fusion'],['drum machine' 'tabla' 'synthesizer' 'accordion' 'fx/processed sound'],c074d159-cd01-41a5-a02f-6122678db37b.wav,['G minor'],['114bpm' 'Medium'],6.5597100257873535,7.296923637390137,6.169984817504883,7.065654754638672
7fdabb36-b5c4-4991-bee2-a9f0c303c8ea,all_instrument,CatMartino_IPromise,cc-by-nc-sa,['electronic/fusion'],"['drum set' 'fx/processed sound' 'drum machine' 'synthesizer'
 'electronic organ']",7fdabb36-b5c4-4991-bee2-a9f0c303c8ea.wav,['Bb major'],['156bpm' 'Energetic'],4.700763702392578,6.246333122253418,5.109444618225098,6.038819789886475
2d077fcb-e657-4194-aecd-08f11114ba6a,all_instrument,JoelHelander_Definition,cc-by-nc-sa,['classical'],"['violin' 'french horn' 'cello' 'trombone' 'string section' 'horn section'
 'flute' 'piano' 'chimes' 'viola' 'bassoon' 'trumpet' 'snare drum']",2d077fcb-e657-4194-aecd-08f11114ba6a.wav,['C major'],['89bpm' 'Natural'],7.535427570343018,7.739908695220947,5.289054870605469,7.773802280426025
74a04b77-facd-4079-933e-08b5f3e30cee,all_instrument,MichaelKropf_AllGoodThings,cc-by-nc-sa,['classical'],['violin' 'piano'],74a04b77-facd-4079-933e-08b5f3e30cee.wav,['D major'],['109bpm' 'Medium'],7.517541408538818,7.475893497467041,5.199406147003174,7.166996002197266
8986bcfe-c9f5-43b4-b116-b980d56f9620,all_instrument,MusicDelta_ModalJazz,cc-by-nc-sa,['jazz'],['drum set' 'double bass' 'tenor saxophone' 'piano' 'trumpet'],8986bcfe-c9f5-43b4-b116-b980d56f9620.wav,['F major'],['110bpm' 'Regular'],8.27783203125,8.314441680908203,6.320457458496094,8.229872703552246
db83ac3b-cf68-4007-bc77-10cf7c3478c5,all_instrument,Phoenix_ScotchMorris,cc-by-nc-sa,['world/folk'],['violin' 'flute' 'acoustic guitar' 'main system'],db83ac3b-cf68-4007-bc77-10cf7c3478c5.wav,['A minor'],['110bpm' 'Moderate'],7.968509197235107,8.099332809448242,5.210976600646973,7.85539436340332
7f2ccb42-e40c-496a-9d3b-eba23f2d405f,all_instrument,TablaBreakbeatScience_Vger,cc-by-nc-sa,['electronic/fusion'],"['clean electric guitar' 'mandolin' 'drum machine' 'auxiliary percussion'
 'tabla' 'synthesizer' 'accordion' 'fx/processed sound']",7f2ccb42-e40c-496a-9d3b-eba23f2d405f.wav,['D minor'],['114bpm' 'Medium'],5.736530780792236,5.888295650482178,6.433291912078857,6.380598068237305
33e4ab05-94ec-4089-99ae-f72e6bd9984c,all_instrument,DeclareAString_MendelssohnPianoTrio1Movement1,cc-by-nc-sa,['classical'],['violin' 'piano' 'cello' 'main system'],33e4ab05-94ec-4089-99ae-f72e6bd9984c.wav,['D minor'],['98bpm' 'Moderately slow'],7.58885383605957,7.769144535064697,5.257862567901611,7.6630377769470215
1d6801ae-19f6-4aca-921d-f81bd3809259,all_instrument,DeclareAString_MendelssohnPianoTrio1Movement2,cc-by-nc-sa,['classical'],['violin' 'piano' 'cello' 'main system'],1d6801ae-19f6-4aca-921d-f81bd3809259.wav,['Bb major'],['123bpm' 'Energetic'],7.180924892425537,7.603893280029297,4.921767234802246,7.492171764373779
54eb5443-f5a5-47cc-9a8b-0671ffe05ec5,all_instrument,DreamersOfTheGhetto_HeavyLove,cc-by-nc-sa,['pop'],"['drum set' 'auxiliary percussion' 'electric bass' 'synthesizer'
 'fx/processed sound']",54eb5443-f5a5-47cc-9a8b-0671ffe05ec5.wav,['G major'],['120bpm' 'Energetic'],3.8640644550323486,6.595424175262451,2.9627132415771484,6.939668655395508
92a66485-b33f-4aaf-8676-35e3391a043c,all_instrument,EthanHein_1930sSynthAndUprightBass,cc-by-nc-sa,['electronic/fusion'],['double bass' 'fx/processed sound' 'drum machine'],92a66485-b33f-4aaf-8676-35e3391a043c.wav,['C minor'],['97bpm' 'Walking Speed'],4.263616561889648,6.759095191955566,4.269690036773682,7.071752071380615
362a4cb0-30b5-4012-8e75-a91184f3a56b,all_instrument,EthanHein_BluesForNofi,cc-by-nc-sa,['electronic/fusion'],['electric bass' 'drum set'],362a4cb0-30b5-4012-8e75-a91184f3a56b.wav,['Ab major'],['100bpm' 'Regular'],7.0369977951049805,7.8091607093811035,5.514012813568115,7.264956474304199
fdf1fa4e-b0a3-44bb-9ee2-f7d2627ea136,all_instrument,EthanHein_GirlOnABridge,cc-by-nc-sa,['electronic/fusion'],"['string section' 'auxiliary percussion' 'piano' 'synthesizer'
 'distorted electric guitar']",fdf1fa4e-b0a3-44bb-9ee2-f7d2627ea136.wav,['B major'],['99bpm' 'Comfortable'],6.262928009033203,7.609604358673096,4.915578842163086,7.6614532470703125
30dbd936-bdb3-493b-bab0-447aa7a4c49f,all_instrument,EthanHein_HarmonicaFigure,cc-by-nc-sa,['electronic/fusion'],['harmonica' 'drum machine' 'synthesizer'],30dbd936-bdb3-493b-bab0-447aa7a4c49f.wav,['C# minor'],['104bpm' 'Regular'],6.388064384460449,7.60485315322876,5.561073303222656,7.667952060699463
ca7ff574-9043-4d4c-a621-3be8f8fe5f18,all_instrument,FacesOnFilm_WaitingForGa,cc-by-nc-sa,['singer/songwriter'],"['acoustic guitar' 'drum set' 'clean electric guitar'
 'auxiliary percussion' 'electric bass' 'vibraphone' 'synthesizer'
 'distorted electric guitar']",ca7ff574-9043-4d4c-a621-3be8f8fe5f18.wav,['Ab major'],['118bpm' 'Moderate'],7.401760578155518,7.290403366088867,4.2255425453186035,7.089076995849609
659975db-94ad-4de9-bdaa-b2b3adff6e8e,all_instrument,FallingSparks_Improvisation1,cc-by-nc-sa,['world/folk'],['clarinet' 'double bass' 'auxiliary percussion' 'main system'],659975db-94ad-4de9-bdaa-b2b3adff6e8e.wav,['G minor'],['143bpm' 'Dynamic'],5.502281188964844,5.818107604980469,5.107440948486328,5.7126288414001465
118f3233-99f3-41fd-9fae-100087ec08db,all_instrument,FallingSparks_Improvisation2,cc-by-nc-sa,['world/folk'],['clarinet' 'double bass' 'auxiliary percussion' 'main system'],118f3233-99f3-41fd-9fae-100087ec08db.wav,['D minor'],['97bpm' 'Natural'],6.912898063659668,7.2649030685424805,5.569122791290283,7.129593849182129
f35af9a6-694f-4d31-956a-c93e62c42014,all_instrument,FallingSparks_Improvisation3,cc-by-nc-sa,['world/folk'],['clarinet' 'double bass' 'auxiliary percussion' 'main system'],f35af9a6-694f-4d31-956a-c93e62c42014.wav,['D minor'],['98bpm' 'Walking Speed'],7.158295631408691,7.463570594787598,5.530694484710693,7.236148834228516
49e1276f-88d5-47fa-9477-3388b7946345,all_instrument,FallingSparks_PakKlongTalad,cc-by-nc-sa,['world/folk'],['clarinet' 'double bass' 'auxiliary percussion' 'main system'],49e1276f-88d5-47fa-9477-3388b7946345.wav,['G major'],['174bpm' 'Very lively'],1.8014862537384033,3.670729875564575,3.8651528358459473,4.305788516998291
6b371ecf-99b5-4bc4-8065-ea3636670a3c,all_instrument,FamilyBand_Again,cc-by-nc-sa,['singer/songwriter'],"['acoustic guitar' 'drum set' 'melodica' 'clean electric guitar'
 'lap steel guitar' 'auxiliary percussion' 'electric bass'
 'distorted electric guitar']",6b371ecf-99b5-4bc4-8065-ea3636670a3c.wav,['G major'],['78bpm' 'Relaxed'],7.372265338897705,7.897286415100098,5.0685505867004395,7.7935590744018555
d41fd98f-4366-4dae-9ed2-0db5296c21b3,all_instrument,FennelCartwright_DearTessie,cc-by-nc-sa,['classical'],['french horn' 'clarinet' 'flute' 'main system' 'bassoon' 'oboe'],d41fd98f-4366-4dae-9ed2-0db5296c21b3.wav,['F major'],['84bpm' 'Comfortable'],6.2394938468933105,6.215787887573242,4.931044578552246,6.3775715827941895
bebb6331-4c99-4b59-9fa3-32f488f54e60,all_instrument,FennelCartwright_FlowerDrumSong,cc-by-nc-sa,['rock'],['french horn' 'clarinet' 'flute' 'bassoon' 'oboe'],bebb6331-4c99-4b59-9fa3-32f488f54e60.wav,['G major'],['117bpm' 'Moderate'],6.188925266265869,6.547680377960205,4.418409824371338,5.897403240203857
f620bbc7-0154-46d1-bfd9-d16452129ebb,all_instrument,FennelCartwright_WinterLake,cc-by-nc-sa,['classical'],['french horn' 'clarinet' 'flute' 'main system' 'bassoon' 'oboe'],f620bbc7-0154-46d1-bfd9-d16452129ebb.wav,['F major'],['84bpm' 'Walking Speed'],5.2645416259765625,5.983073711395264,3.966905117034912,6.235770225524902
1aea0971-609e-431c-b3c1-c2f82b23c8a4,all_instrument,FilthyBird_IdLikeToKnow,cc-by-nc-sa,['rock'],"['acoustic guitar' 'drum set' 'electric bass' 'tambourine'
 'distorted electric guitar']",1aea0971-609e-431c-b3c1-c2f82b23c8a4.wav,['G major'],['119bpm' 'Regular'],7.674870491027832,8.076736450195312,6.294269561767578,7.759270668029785
5aa51452-2f04-4286-aae8-74dbc233a4f9,all_instrument,FruitCathedral_KeepMeRunnin,cc-by-nc-sa,['singer/songwriter'],"['acoustic guitar' 'drum set' 'shaker' 'electric bass'
 'distorted electric guitar']",5aa51452-2f04-4286-aae8-74dbc233a4f9.wav,['Bb major'],['152bpm' 'Brisk and Lively'],6.965017318725586,7.214419364929199,3.0376179218292236,7.864546775817871
3bbe4eb0-a2db-401e-99cb-0e90694f90dd,all_instrument,Grants_PunchDrunk,cc-by-nc-sa,['rap'],['sampler' 'drum machine' 'electric bass' 'piano' 'fx/processed sound'],3bbe4eb0-a2db-401e-99cb-0e90694f90dd.wav,['A major'],['98bpm' 'Moderately slow'],6.378178119659424,7.351601600646973,6.617763996124268,7.76265811920166
b0702a79-aa6e-4a0b-8c90-431e8bbe7e63,all_instrument,HeladoNegro_MitadDelMundo,cc-by-nc-sa,['pop'],"['drum machine' 'vibraphone' 'synthesizer' 'fx/processed sound'
 'tack piano']",b0702a79-aa6e-4a0b-8c90-431e8bbe7e63.wav,['G# minor'],['120bpm' 'Upbeat'],6.287341117858887,7.310389995574951,5.63501501083374,6.858670711517334
e5140d87-a97d-42c0-abec-6d488b00bf39,all_instrument,HezekiahJones_BorrowedHeart,cc-by-nc-sa,['singer/songwriter'],"['acoustic guitar' 'drum set' 'cymbal' 'lap steel guitar' 'banjo'
 'auxiliary percussion' 'electric bass' 'violin section' 'vibraphone']",e5140d87-a97d-42c0-abec-6d488b00bf39.wav,['B major'],['108bpm' 'Moderate'],7.557465553283691,8.006915092468262,5.366324424743652,8.128213882446289
7bb672f1-c779-495d-a524-040b810cb4dd,all_instrument,HopAlong_SisterCities,cc-by-nc-sa,['rock'],"['acoustic guitar' 'drum set' 'electric bass' 'synthesizer'
 'distorted electric guitar']",7bb672f1-c779-495d-a524-040b810cb4dd.wav,['E major'],['90bpm' 'Walking Speed'],7.485545635223389,7.898978233337402,6.30360746383667,7.695578098297119
024ebfff-8eb1-40d1-9894-6d200a196208,all_instrument,HopsNVinyl_ChickenFriedSteak,cc-by-nc-sa,['jazz'],['drum set' 'double bass' 'tenor saxophone' 'vibraphone' 'main system'],024ebfff-8eb1-40d1-9894-6d200a196208.wav,['F# minor'],['199bpm' 'Fast-paced'],7.620568752288818,7.896108150482178,5.676882743835449,7.384364604949951
5b1ab02a-7045-4560-b391-5d18df2179d2,all_instrument,HopsNVinyl_HoneyBrown,cc-by-nc-sa,['jazz'],['drum set' 'double bass' 'tenor saxophone' 'vibraphone' 'main system'],5b1ab02a-7045-4560-b391-5d18df2179d2.wav,['A minor'],['97bpm' 'Natural'],7.452303886413574,7.9856390953063965,5.337756633758545,7.5847392082214355
893ced59-2d0f-4e4f-8760-415c73d4a473,all_instrument,HopsNVinyl_ReignCheck,cc-by-nc-sa,['jazz'],['drum set' 'double bass' 'tenor saxophone' 'vibraphone' 'main system'],893ced59-2d0f-4e4f-8760-415c73d4a473.wav,['G minor'],['201bpm' 'Breakneck'],7.80755090713501,8.070830345153809,5.844123363494873,7.468015670776367
a6074057-dae5-42ec-ace7-a22358e704c1,all_instrument,HopsNVinyl_WidowsWalk,cc-by-nc-sa,['jazz'],['drum set' 'double bass' 'vibraphone' 'soprano saxophone' 'main system'],a6074057-dae5-42ec-ace7-a22358e704c1.wav,['G# minor'],['129bpm' 'Upbeat'],7.689356327056885,8.102036476135254,5.657705307006836,7.857916831970215
f6acaf68-7330-4acd-9287-7f80095a4207,all_instrument,InvisibleFamiliars_DisturbingWildlife,cc-by-nc-sa,['singer/songwriter'],"['trumpet section' 'drum set' 'clean electric guitar' 'shaker'
 'electric bass' 'claps' 'tack piano']",f6acaf68-7330-4acd-9287-7f80095a4207.wav,['Db major'],['151bpm' 'Brisk and Lively'],7.598181247711182,7.741504669189453,5.145205974578857,7.08259391784668
93d88e87-320a-414d-bc80-90df5747fa77,all_instrument,MidnightBlue_HuntingSeason,cc-by-nc-sa,['rock'],['electric bass' 'drum set' 'piano' 'distorted electric guitar'],93d88e87-320a-414d-bc80-90df5747fa77.wav,['D minor'],['94bpm' 'Natural'],6.895480632781982,7.582268238067627,6.421634197235107,6.839026927947998
14e980ff-1989-4cda-a6e5-fed45779466f,all_instrument,MidnightBlue_StarsAreScreaming,cc-by-nc-sa,['rock'],['electric bass' 'drum set' 'distorted electric guitar'],14e980ff-1989-4cda-a6e5-fed45779466f.wav,['D minor'],['129bpm' 'Brisk and Lively'],6.9183855056762695,7.564735412597656,5.74954080581665,7.09852409362793
9cb2c7ae-a7fc-4e00-9c03-7c9796c18d31,all_instrument,MusicDelta_80sRock,cc-by-nc-sa,['rock'],['electric bass' 'drum set' 'distorted electric guitar'],9cb2c7ae-a7fc-4e00-9c03-7c9796c18d31.wav,['G major'],['110bpm' 'Medium'],7.213807106018066,7.499320030212402,5.962384223937988,7.432182312011719
2218f8e3-7f94-4851-8f11-8cbf56795664,all_instrument,MusicDelta_Beatles,cc-by-nc-sa,['singer/songwriter'],['electric bass' 'drum set' 'clean electric guitar' 'acoustic guitar'],2218f8e3-7f94-4851-8f11-8cbf56795664.wav,['D major'],['110bpm' 'Standard'],7.087620258331299,7.500071048736572,5.514524936676025,6.970028400421143
2517db40-9159-4480-a9fd-e6298361f170,all_instrument,MusicDelta_BebopJazz,cc-by-nc-sa,['jazz'],['drum set' 'double bass' 'tenor saxophone' 'piano' 'trumpet'],2517db40-9159-4480-a9fd-e6298361f170.wav,['G major'],['110bpm' 'Medium'],8.34516429901123,8.289955139160156,6.178411483764648,8.226419448852539
54e9d70c-7d7c-42cd-a52b-8a734e818645,all_instrument,MusicDelta_Beethoven,cc-by-nc-sa,['classical'],"['cello' 'french horn' 'double bass' 'clarinet' 'violin section' 'flute'
 'viola' 'bassoon' 'oboe' 'trumpet' 'timpani']",54e9d70c-7d7c-42cd-a52b-8a734e818645.wav,['G major'],['110bpm' 'Moderate'],6.724134922027588,6.764266014099121,6.036829471588135,6.422526836395264
1481744f-5206-4de1-b623-58f68574bf95,all_instrument,MusicDelta_Britpop,cc-by-nc-sa,['pop'],"['electric bass' 'drum set' 'clean electric guitar'
 'distorted electric guitar']",1481744f-5206-4de1-b623-58f68574bf95.wav,['G major'],['110bpm' 'Moderate'],7.447068214416504,7.913674354553223,6.23783016204834,7.616689205169678
f5cabd03-fde3-4534-94e3-77a3330eafd2,all_instrument,MusicDelta_ChineseChaoZhou,cc-by-nc-sa,['world/folk'],['yangqin' 'erhu' 'dizi' 'guzheng'],f5cabd03-fde3-4534-94e3-77a3330eafd2.wav,['D major'],['109bpm' 'Regular'],7.07372522354126,7.458119869232178,5.322244644165039,7.372652053833008
9b4f4cc5-9a5f-4689-bb38-9da29613a614,all_instrument,MusicDelta_ChineseDrama,cc-by-nc-sa,['world/folk'],['guzheng' 'erhu' 'dizi' 'zhongruan' 'yangqin'],9b4f4cc5-9a5f-4689-bb38-9da29613a614.wav,['G major'],['110bpm' 'Standard'],6.581247806549072,6.553722381591797,5.1435675621032715,6.518180847167969
20b8c46e-b72c-4f37-9919-7f41c8a4729d,all_instrument,MusicDelta_ChineseHenan,cc-by-nc-sa,['world/folk'],['guzheng' 'erhu' 'dizi' 'liuqin' 'yangqin'],20b8c46e-b72c-4f37-9919-7f41c8a4729d.wav,['D major'],['110bpm' 'Regular'],6.771132946014404,6.992926597595215,4.552496910095215,7.04183292388916
c367d0f3-b5ac-4839-8178-3995d68abc52,all_instrument,MusicDelta_ChineseJiangNan,cc-by-nc-sa,['world/folk'],['guzheng' 'erhu' 'dizi' 'zhongruan' 'yangqin'],c367d0f3-b5ac-4839-8178-3995d68abc52.wav,['G major'],['110bpm' 'Standard'],6.306730270385742,6.883152008056641,3.8542892932891846,6.511247634887695
b8198172-337d-4d13-b811-4825800b3b57,all_instrument,MusicDelta_ChineseXinJing,cc-by-nc-sa,['world/folk'],['erhu' 'liuqin' 'zhongruan' 'gu' 'yangqin'],b8198172-337d-4d13-b811-4825800b3b57.wav,['C minor'],['110bpm' 'Standard'],7.27571964263916,7.543630123138428,5.5950798988342285,7.425012111663818
c7096094-aa22-4df2-bdf7-fd77a5dde9b7,all_instrument,MusicDelta_ChineseYaoZu,cc-by-nc-sa,['world/folk'],['guzheng' 'auxiliary percussion' 'erhu' 'dizi' 'yangqin'],c7096094-aa22-4df2-bdf7-fd77a5dde9b7.wav,['G major'],['110bpm' 'Standard'],7.423687934875488,7.527092456817627,5.9858269691467285,7.734638690948486
710b0dc0-dd8b-4f2d-b616-7db783100da6,all_instrument,MusicDelta_CoolJazz,cc-by-nc-sa,['jazz'],['drum set' 'double bass' 'baritone saxophone' 'piano' 'trumpet'],710b0dc0-dd8b-4f2d-b616-7db783100da6.wav,['G major'],['110bpm' 'Regular'],7.936621189117432,7.812251091003418,5.5910210609436035,7.631875038146973
090d3238-1fd4-46d9-b783-d7a9fc80a5de,all_instrument,MusicDelta_Country1,cc-by-nc-sa,['singer/songwriter'],['electric bass' 'drum set' 'acoustic guitar'],090d3238-1fd4-46d9-b783-d7a9fc80a5de.wav,['G major'],['110bpm' 'Medium'],7.926912784576416,8.227121353149414,5.334623336791992,8.387899398803711
9a7ef788-3ff6-43a5-bc2a-49dff09f42bd,all_instrument,MusicDelta_Country2,cc-by-nc-sa,['musical theatre'],['electric bass' 'drum set' 'clean electric guitar'],9a7ef788-3ff6-43a5-bc2a-49dff09f42bd.wav,['G major'],['110bpm' 'Regular'],7.960217475891113,8.211891174316406,5.6293864250183105,8.187301635742188
9cabe915-1ef3-4360-b453-ed2c10f27b22,all_instrument,MusicDelta_Disco,cc-by-nc-sa,['pop'],['electric bass' 'drum set' 'clean electric guitar'],9cabe915-1ef3-4360-b453-ed2c10f27b22.wav,['Bb major'],['110bpm' 'Standard'],7.94463586807251,8.352534294128418,6.049587726593018,8.251008033752441
0d5bbca7-e009-41a9-92c0-c834fb5bcdd3,all_instrument,MusicDelta_FreeJazz,cc-by-nc-sa,['jazz'],['drum set' 'double bass' 'bass clarinet'],0d5bbca7-e009-41a9-92c0-c834fb5bcdd3.wav,['D minor'],['109bpm' 'Moderate'],7.677234649658203,7.9289774894714355,6.044370174407959,7.586444854736328
7782c26d-f69b-4d15-ae22-539637aecb49,all_instrument,MusicDelta_FunkJazz,cc-by-nc-sa,['jazz'],['electric bass' 'drum set' 'electric piano' 'alto saxophone'],7782c26d-f69b-4d15-ae22-539637aecb49.wav,['C major'],['110bpm' 'Standard'],7.8304123878479,8.165656089782715,5.522639751434326,7.997698783874512
0d0b882e-fda7-4540-b955-8d2652a69f71,all_instrument,MusicDelta_FusionJazz,cc-by-nc-sa,['jazz'],"['drum set' 'electric bass' 'soprano saxophone' 'electric piano'
 'synthesizer' 'trumpet']",0d0b882e-fda7-4540-b955-8d2652a69f71.wav,['D minor'],['110bpm' 'Regular'],8.144230842590332,7.630325794219971,6.221442699432373,7.766520023345947
db130824-ae33-4dcb-8a43-d25cdddb9aa1,all_instrument,MusicDelta_Gospel,cc-by-nc-sa,['musical theatre'],['electric bass' 'drum set' 'clean electric guitar' 'claps'],db130824-ae33-4dcb-8a43-d25cdddb9aa1.wav,['G major'],['110bpm' 'Moderate'],6.21588134765625,7.1994948387146,4.271763324737549,7.449047088623047
fc7c8bba-8071-4d52-a735-a206bbff9363,all_instrument,MusicDelta_GriegTrolltog,cc-by-nc-sa,['classical'],"['cello' 'trumpet section' 'cymbal' 'double bass' 'brass section'
 'piccolo' 'violin section' 'viola section' 'flute section' 'tuba'
 'clarinet section' 'oboe' 'timpani']",fc7c8bba-8071-4d52-a735-a206bbff9363.wav,['D minor'],['137bpm' 'Dynamic'],6.63157320022583,5.753056049346924,5.870685577392578,6.061260223388672
95d6fbe3-7e8f-437c-920a-d44d92bfe681,all_instrument,MusicDelta_Grunge,cc-by-nc-sa,['rock'],['electric bass' 'drum set' 'distorted electric guitar'],95d6fbe3-7e8f-437c-920a-d44d92bfe681.wav,['G minor'],['110bpm' 'Medium'],6.961104393005371,7.75108003616333,6.494167327880859,7.307726860046387
7caf18cd-a222-468b-8ed3-719aee7640a7,all_instrument,MusicDelta_Hendrix,cc-by-nc-sa,['rock'],['electric bass' 'drum set' 'distorted electric guitar'],7caf18cd-a222-468b-8ed3-719aee7640a7.wav,['G minor'],['110bpm' 'Medium'],7.357854843139648,8.05291748046875,5.688817977905273,7.721136569976807
927f75a9-7d38-4a69-ba74-833a31110c4d,all_instrument,MusicDelta_InTheHalloftheMountainKing,cc-by-nc-sa,['classical'],"['cello' 'trumpet section' 'cymbal' 'double bass' 'french horn section'
 'clarinet' 'trombone' 'piccolo' 'toms' 'violin section' 'flute' 'tuba'
 'viola' 'bassoon' 'oboe' 'timpani']",927f75a9-7d38-4a69-ba74-833a31110c4d.wav,['D minor'],['110bpm' 'Moderate'],6.0145368576049805,7.252230644226074,6.374678611755371,5.898238182067871
0ed22473-be4f-4c2c-ba25-636a574cda90,all_instrument,MusicDelta_LatinJazz,cc-by-nc-sa,['jazz'],['drum set' 'electric bass' 'flute' 'electric piano' 'trumpet'],0ed22473-be4f-4c2c-ba25-636a574cda90.wav,['G major'],['110bpm' 'Moderate'],7.328465461730957,8.048383712768555,5.719296932220459,8.072562217712402
38e4a598-900e-48bb-95e9-b74ecfac6df0,all_instrument,TablaBreakbeatScience_WhoIsIt,cc-by-nc-sa,['electronic/fusion'],"['mandolin' 'tabla' 'electric bass' 'drum machine' 'synthesizer'
 'accordion']",38e4a598-900e-48bb-95e9-b74ecfac6df0.wav,['D minor'],['94bpm' 'Walking Speed'],6.308731555938721,7.059667110443115,6.087098598480225,6.963280200958252
a4c7ddd1-428a-4d52-938d-9a9ab2be31e4,all_instrument,TemperedElan_DorothyJeanne,cc-by-nc-sa,['classical'],['flute' 'harp' 'main system'],a4c7ddd1-428a-4d52-938d-9a9ab2be31e4.wav,['G major'],['82bpm' 'Comfortable'],7.310881614685059,7.973283290863037,3.505557060241699,7.784810543060303
e32a1ea2-f33f-4c1a-84a0-4beb469c1cfd,all_instrument,TemperedElan_WiseOne,cc-by-nc-sa,['classical'],['flute' 'harp' 'main system'],e32a1ea2-f33f-4c1a-84a0-4beb469c1cfd.wav,['D major'],['66bpm' 'Relaxed'],7.217137813568115,7.636324405670166,4.703790187835693,7.396417617797852
cd68c391-e4ad-43f8-91f8-42bfc9bc264f,all_instrument,TheDistricts_Vermont,cc-by-nc-sa,['rock'],['electric bass' 'drum set' 'clean electric guitar' 'synthesizer'],cd68c391-e4ad-43f8-91f8-42bfc9bc264f.wav,['F# major'],['91bpm' 'Natural'],7.434404373168945,7.58976411819458,6.237936973571777,7.237922191619873
a12ab166-1958-4bfb-a551-fc70431c5b96,all_instrument,TheFranckDuo_FranckViolinSonataInAMajorMovement1,cc-by-nc-sa,['classical'],['violin' 'piano' 'main system'],a12ab166-1958-4bfb-a551-fc70431c5b96.wav,['A major'],['66bpm' 'Relaxed'],6.1366472244262695,5.995321273803711,3.945523500442505,5.81005859375
733edd30-3400-489d-b3d6-1b5e8d9b377b,all_instrument,TheFranckDuo_FranckViolinSonataInAMajorMovement2,cc-by-nc-sa,['classical'],['violin' 'piano' 'main system'],733edd30-3400-489d-b3d6-1b5e8d9b377b.wav,['D minor'],['72bpm' 'Calm'],7.344674110412598,7.290797233581543,4.812326431274414,7.315458297729492
e8be1606-bf88-424f-b8fd-d03d2681ac4a,all_instrument,TheKitchenettes_Alive,cc-by-nc-sa,['pop'],"['acoustic guitar' 'drum set' 'violin' 'clean electric guitar'
 'electric bass' 'piano']",e8be1606-bf88-424f-b8fd-d03d2681ac4a.wav,['Bb major'],['77bpm' 'Leisurely'],7.53995943069458,7.693478107452393,3.6983401775360107,7.838216781616211
9ce1bf7c-3fec-4038-af7a-cc2adb9c50c8,all_instrument,TheNoHoStringOrchestra_ElgarMovement1,cc-by-nc-sa,['classical'],"['double bass' 'cello section' 'violin section' 'viola section'
 'main system']",9ce1bf7c-3fec-4038-af7a-cc2adb9c50c8.wav,['G major'],['90bpm' 'Comfortable'],8.007665634155273,8.14603042602539,5.570582389831543,7.929497718811035
a39c435b-86a3-4f4e-8427-27070b995a5d,all_instrument,TheNoHoStringOrchestra_ElgarMovement2,cc-by-nc-sa,['classical'],"['double bass' 'cello section' 'violin section' 'viola section'
 'main system']",a39c435b-86a3-4f4e-8427-27070b995a5d.wav,['C major'],['85bpm' 'Natural'],7.581524848937988,8.017234802246094,5.0467376708984375,7.722328186035156
eab9c582-4dfa-4b7a-9290-d2950472c94d,all_instrument,TheNoHoStringOrchestra_ElgarMovement3,cc-by-nc-sa,['classical'],"['double bass' 'cello section' 'violin section' 'viola section'
 'main system']",eab9c582-4dfa-4b7a-9290-d2950472c94d.wav,['G major'],['99bpm' 'Natural'],7.713134288787842,7.882443904876709,5.155956268310547,7.69798469543457
189bcc26-8055-4859-9512-8c45640329bf,all_instrument,TheScarletBrand_LesFleursDuMal,cc-by-nc-sa,['rock'],"['drum set' 'clean electric guitar' 'electric bass' 'fx/processed sound'
 'distorted electric guitar']",189bcc26-8055-4859-9512-8c45640329bf.wav,['D minor'],['85bpm' 'Walking Speed'],6.961984157562256,6.879959583282471,3.695916175842285,6.259329319000244
0c48a5d3-0721-4218-8969-dea783707af4,all_instrument,TheSoSoGlos_Emergency,cc-by-nc-sa,['rock'],"['acoustic guitar' 'drum set' 'auxiliary percussion' 'electric bass'
 'vibraphone' 'synthesizer' 'fx/processed sound'
 'distorted electric guitar']",0c48a5d3-0721-4218-8969-dea783707af4.wav,['D major'],['87bpm' 'Walking Speed'],7.221271991729736,7.960028171539307,6.178435802459717,7.7895050048828125
3bd94d17-9c35-4d3f-956b-474bba2ced5b,all_instrument,TheTonTons_Lush,cc-by-nc-sa,['rock'],"['drum set' 'clean electric guitar' 'electric bass' 'tambourine'
 'distorted electric guitar']",3bd94d17-9c35-4d3f-956b-474bba2ced5b.wav,['D major'],['138bpm' 'Energetic'],7.645028114318848,8.073732376098633,5.504181861877441,7.942214012145996
bc59af25-1975-4a6b-8b3c-a433b41fe460,all_instrument,TleilaxEnsemble_Late,cc-by-nc-sa,['classical'],['violin' 'double bass' 'main system'],bc59af25-1975-4a6b-8b3c-a433b41fe460.wav,['A major'],['117bpm' 'Moderate'],7.538323879241943,7.04738712310791,6.294083595275879,7.691799640655518
6c22efff-dfbf-4708-923d-82337ebe19e3,all_instrument,TleilaxEnsemble_MelancholyFlowers,cc-by-nc-sa,['classical'],['violin' 'double bass' 'main system'],6c22efff-dfbf-4708-923d-82337ebe19e3.wav,['D major'],['84bpm' 'Natural'],6.455509185791016,7.319034576416016,4.569436073303223,7.290220260620117
61811f24-e8ea-423d-96bf-881150995810,all_instrument,Torres_NewSkin,cc-by-nc-sa,['rock'],"['electric bass' 'drum set' 'clean electric guitar'
 'distorted electric guitar']",61811f24-e8ea-423d-96bf-881150995810.wav,['G major'],['139bpm' 'Brisk and Lively'],7.426821708679199,7.744521141052246,5.2640275955200195,7.734110355377197
8382cc63-0061-423b-b21a-825422d870b0,all_instrument,TrevorAndTheSoundwaves_AloneAndSad,cc-by-nc-sa,['rock'],"['electric bass' 'drum set' 'clean electric guitar'
 'distorted electric guitar']",8382cc63-0061-423b-b21a-825422d870b0.wav,['D major'],['80bpm' 'Comfortable'],7.24428653717041,6.675822734832764,3.3329899311065674,6.367048740386963
d99e3af3-7e6a-466c-a7d1-7eb767de324e,all_instrument,Phoenix_SeanCaughlinsTheScartaglen,cc-by-nc-sa,['world/folk'],['acoustic guitar' 'violin' 'mandolin' 'electric bass' 'main system'],d99e3af3-7e6a-466c-a7d1-7eb767de324e.wav,['D major'],['119bpm' 'Standard'],7.999064922332764,8.240551948547363,5.6510186195373535,8.25871467590332
54e97451-b853-4fab-9a22-a28be7d9e69f,all_instrument,Plasma_GoodShout,cc-by-nc-sa,['rock'],"['electric bass' 'drum set' 'clean electric guitar'
 'distorted electric guitar']",54e97451-b853-4fab-9a22-a28be7d9e69f.wav,['F minor'],['139bpm' 'Energetic'],5.077356338500977,6.194018363952637,5.264432430267334,5.315769672393799
eb41fe63-14c3-4891-a5cc-4d20302e7ed7,all_instrument,PoliceHearingDepartment_Brahms,cc-by-nc-sa,['classical'],['piano' 'main system' 'viola'],eb41fe63-14c3-4891-a5cc-4d20302e7ed7.wav,['D# minor'],['104bpm' 'Regular'],7.348947048187256,7.7941765785217285,5.087355136871338,7.587996482849121
da7f883c-6999-4089-ad1e-d5e6551ed1a5,all_instrument,PoliceHearingDepartment_SchumannMovement1,cc-by-nc-sa,['classical'],['violin' 'viola' 'flute' 'piano' 'main system' 'bassoon'],da7f883c-6999-4089-ad1e-d5e6551ed1a5.wav,['Bb major'],['119bpm' 'Medium'],6.963758945465088,7.142154216766357,4.878608226776123,7.0475592613220215
686f691b-035c-4667-92c5-165930bf0b00,all_instrument,PoliceHearingDepartment_SchumannMovement2,cc-by-nc-sa,['classical'],['violin' 'viola' 'flute' 'piano' 'main system' 'bassoon'],686f691b-035c-4667-92c5-165930bf0b00.wav,['C minor'],['91bpm' 'Comfortable'],6.465793132781982,6.5333685874938965,4.661597728729248,6.656815528869629
bb145f66-c718-42f3-a020-6286e53c07c8,all_instrument,PoliceHearingDepartment_VivaldiMovement1,cc-by-nc-sa,['classical'],['violin' 'flute' 'bassoon' 'main system'],bb145f66-c718-42f3-a020-6286e53c07c8.wav,['G minor'],['96bpm' 'Walking Speed'],7.742613792419434,7.726510047912598,5.164966106414795,7.696324348449707
1d133e09-ec60-4816-b013-4090fc013bed,all_instrument,PoliceHearingDepartment_VivaldiMovement2,cc-by-nc-sa,['classical'],['violin' 'flute' 'bassoon' 'main system'],1d133e09-ec60-4816-b013-4090fc013bed.wav,['Bb major'],['74bpm' 'Peaceful'],6.7674880027771,6.90916109085083,3.264914035797119,7.2107038497924805
4051bf00-bcf9-4c59-9abb-ded4507872bf,all_instrument,PoliceHearingDepartment_VivaldiMovement3,cc-by-nc-sa,['classical'],['violin' 'flute' 'bassoon' 'main system'],4051bf00-bcf9-4c59-9abb-ded4507872bf.wav,['G minor'],['96bpm' 'Moderately slow'],7.801180839538574,7.474560737609863,4.7644362449646,7.554833889007568
f16310a8-6362-47db-a52a-f2126c8854c5,all_instrument,PortStWillow_StayEven,cc-by-nc-sa,['singer/songwriter'],"['drum set' 'cymbal' 'clean electric guitar' 'electric bass' 'piano'
 'fx/processed sound']",f16310a8-6362-47db-a52a-f2126c8854c5.wav,['Bb major'],['87bpm' 'Walking Speed'],5.792141914367676,7.095656871795654,5.682758331298828,6.699286937713623
de48b6b6-2bc8-4a82-b79d-8a4ccd4bb883,all_instrument,PurlingHiss_Lolita,cc-by-nc-sa,['rock'],['electric bass' 'drum set' 'tambourine' 'distorted electric guitar'],de48b6b6-2bc8-4a82-b79d-8a4ccd4bb883.wav,['E minor'],['123bpm' 'Dynamic'],6.701274394989014,7.363108158111572,6.298155307769775,7.2693986892700195
49f22db9-16e8-4f99-9e7b-80148963d232,all_instrument,QuantumChromos_Circuits,cc-by-nc-sa,['classical'],['violin' 'double bass' 'clarinet' 'piano' 'main system' 'bass drum'],49f22db9-16e8-4f99-9e7b-80148963d232.wav,['G minor'],['150bpm' 'Energetic'],8.038308143615723,8.187902450561523,5.227216720581055,7.7105021476745605
37f56a89-a03f-4bf3-a105-9919f0098520,all_instrument,RodrigoBonelli_BalladForLaura,cc-by-nc-sa,['jazz'],"['drum set' 'double bass' 'trombone' 'tenor saxophone' 'piano'
 'bass clarinet' 'trumpet']",37f56a89-a03f-4bf3-a105-9919f0098520.wav,['G major'],['130bpm' 'Energetic'],7.896656513214111,7.878439426422119,6.063179969787598,7.829003810882568
930b55ce-3f90-498c-bc06-e3dbcb63365c,all_instrument,SasquatchConnection_BoomBoxing,cc-by-nc-sa,['jazz'],"['trumpet section' 'drum set' 'clean electric guitar' 'double bass'
 'tenor saxophone' 'piano' 'trombone section']",930b55ce-3f90-498c-bc06-e3dbcb63365c.wav,['C minor'],['140bpm' 'Brisk and Lively'],7.583987236022949,7.655348777770996,5.928697109222412,7.476803779602051
85d03a41-ef36-436f-a8be-4e13297ef869,all_instrument,SasquatchConnection_HolyClamsBatman,cc-by-nc-sa,['jazz'],"['trumpet section' 'drum set' 'clean electric guitar' 'double bass'
 'tenor saxophone' 'piano' 'trombone section']",85d03a41-ef36-436f-a8be-4e13297ef869.wav,['A major'],['82bpm' 'Comfortable'],7.708405017852783,7.776303291320801,6.0559282302856445,7.424018383026123
dd7119b9-f1be-46a2-b83f-a4e5358cf234,all_instrument,SasquatchConnection_Illuminati,cc-by-nc-sa,['jazz'],"['trumpet section' 'drum set' 'double bass' 'horn section' 'piano'
 'trombone section']",dd7119b9-f1be-46a2-b83f-a4e5358cf234.wav,['E minor'],['81bpm' 'Comfortable'],5.423039436340332,5.394688129425049,4.8037285804748535,5.6316914558410645
51f2de71-9672-4c43-9a62-e435aaf6ae9a,all_instrument,SasquatchConnection_Struttin,cc-by-nc-sa,['jazz'],"['trumpet section' 'drum set' 'clean electric guitar' 'double bass'
 'tenor saxophone' 'piano' 'trombone section']",51f2de71-9672-4c43-9a62-e435aaf6ae9a.wav,['D major'],['94bpm' 'Moderately slow'],7.252411842346191,7.051016330718994,5.501065731048584,7.146543502807617
b97e479e-857f-42b8-8b9f-2008e514c4f0,all_instrument,SasquatchConnection_ThanksALatte,cc-by-nc-sa,['jazz'],"['trumpet section' 'drum set' 'clean electric guitar' 'double bass'
 'tenor saxophone' 'piano' 'trombone section']",b97e479e-857f-42b8-8b9f-2008e514c4f0.wav,['F major'],['130bpm' 'Brisk and Lively'],7.622652053833008,7.677357196807861,5.690980911254883,7.465395450592041
1d97bf72-5c33-44dd-869d-7fe50fd9b2c2,all_instrument,Cayetana_MissThing,cc-by-nc-sa,['rock'],['electric bass' 'drum set' 'distorted electric guitar'],1d97bf72-5c33-44dd-869d-7fe50fd9b2c2.wav,['B major'],['147bpm' 'Dynamic'],7.572371959686279,7.883752822875977,5.309247016906738,7.965489864349365
f777ad13-66d2-4114-9368-eeb81c5b1ce7,all_instrument,CelestialShore_DieForUs,cc-by-nc-sa,['singer/songwriter'],"['drum set' 'clean electric guitar' 'electric bass' 'synthesizer'
 'tack piano']",f777ad13-66d2-4114-9368-eeb81c5b1ce7.wav,['E minor'],['87bpm' 'Walking Speed'],6.928318023681641,6.718026638031006,5.307236194610596,6.6138787269592285
17b63123-b367-4c15-b4b8-a06f84aa0cc8,all_instrument,ChrisJacoby_BoothShotLincoln,cc-by-nc-sa,['world/folk'],['mandolin' 'clean electric guitar' 'drum machine' 'tabla'],17b63123-b367-4c15-b4b8-a06f84aa0cc8.wav,['A major'],['95bpm' 'Comfortable'],7.6041364669799805,7.789632320404053,5.508759498596191,7.709878921508789
37c35c5c-3060-4c65-8328-5c72fe35f0b2,all_instrument,ChrisJacoby_PigsFoot,cc-by-nc-sa,['world/folk'],['electric bass' 'kick drum' 'mandolin' 'tabla'],37c35c5c-3060-4c65-8328-5c72fe35f0b2.wav,['D major'],['93bpm' 'Walking Speed'],7.623266696929932,7.877561092376709,5.341793060302734,7.885355472564697
2fe5bff5-7865-4e06-a08b-aa6366ee2d3f,all_instrument,ClaraBerryAndWooldog_AirTraffic,cc-by-nc-sa,['singer/songwriter'],"['drum set' 'clean electric guitar' 'lap steel guitar' 'electric bass'
 'piano' 'timpani']",2fe5bff5-7865-4e06-a08b-aa6366ee2d3f.wav,['Db major'],['119bpm' 'Standard'],6.213999271392822,6.692829608917236,4.514205455780029,6.572018623352051
e3d28c67-f1ea-4d9e-9de1-bcae1703e419,all_instrument,ClaraBerryAndWooldog_Boys,cc-by-nc-sa,['singer/songwriter'],"['drum set' 'brass section' 'tenor saxophone' 'piano' 'tack piano'
 'snare drum' 'timpani']",e3d28c67-f1ea-4d9e-9de1-bcae1703e419.wav,['A minor'],['115bpm' 'Moderate'],6.663127899169922,6.754329204559326,5.16344690322876,6.434128761291504
2391411b-8dc8-4f62-b44e-15687b3f4e5d,all_instrument,ClaraBerryAndWooldog_Stella,cc-by-nc-sa,['singer/songwriter'],"['drum set' 'auxiliary percussion' 'electric bass' 'vibraphone' 'piano'
 'synthesizer']",2391411b-8dc8-4f62-b44e-15687b3f4e5d.wav,['G minor'],['111bpm' 'Moderate'],7.346481800079346,7.557948589324951,3.5967071056365967,7.02675199508667
487771a2-70ef-4a86-9a52-f1743be4a2c7,all_instrument,ClaraBerryAndWooldog_WaltzForMyVictims,cc-by-nc-sa,['singer/songwriter'],['electric bass' 'drum set' 'piano' 'glockenspiel'],487771a2-70ef-4a86-9a52-f1743be4a2c7.wav,['G major'],['118bpm' 'Regular'],7.442368507385254,7.8085126876831055,4.545242786407471,7.227270603179932
e686693f-26bf-4830-9c93-7aaff9f31585,all_instrument,Creepoid_OldTree,cc-by-nc-sa,['rock'],"['drum set' 'auxiliary percussion' 'electric bass' 'fx/processed sound'
 'distorted electric guitar']",e686693f-26bf-4830-9c93-7aaff9f31585.wav,['E minor'],['131bpm' 'Upbeat'],6.850868225097656,7.009804725646973,6.339836597442627,6.515318870544434
8dafb116-2bfb-4f03-9799-748378e47efb,all_instrument,CroqueMadame_Oil,cc-by-nc-sa,['jazz'],['drum set' 'piano' 'clean electric guitar' 'double bass'],8dafb116-2bfb-4f03-9799-748378e47efb.wav,['D major'],['135bpm' 'Upbeat'],7.621219635009766,8.010177612304688,5.936613082885742,7.601945400238037
7a721663-9df7-4f00-aa92-220c7ee77695,all_instrument,CroqueMadame_Pilot,cc-by-nc-sa,['jazz'],['drum set' 'piano' 'clean electric guitar' 'double bass'],7a721663-9df7-4f00-aa92-220c7ee77695.wav,['G minor'],['130bpm' 'Brisk and Lively'],7.665335178375244,8.041452407836914,5.931478500366211,7.547417163848877
30af284c-7884-40eb-b6a5-31e92b20a168,all_instrument,DahkaBand_SoldierMan,cc-by-nc-sa,['world/folk'],['tenor saxophone' 'drum set' 'clean electric guitar' 'double bass'],30af284c-7884-40eb-b6a5-31e92b20a168.wav,['A minor'],['127bpm' 'Upbeat'],8.041216850280762,8.152194023132324,5.675136566162109,7.989993572235107
3cef2107-a995-4bf3-b2d9-8e6159703e87,all_instrument,DeadMilkmen_PrisonersCinema,cc-by-nc-sa,['rock'],"['acoustic guitar' 'drum set' 'shaker' 'clean electric guitar'
 'fx/processed sound' 'electric bass' 'castanet' 'tambourine'
 'electronic organ' 'distorted electric guitar' 'glockenspiel']",3cef2107-a995-4bf3-b2d9-8e6159703e87.wav,['D minor'],['133bpm' 'Upbeat'],7.4682230949401855,7.862698554992676,6.702572822570801,7.842294692993164
